"CHR","POS","SNP","Gene"
"1",30052794,"rs76483414","PTPRU"
"1",30056135,"rs76718158","PTPRU"
"1",34436957,"rs531066","CSMD2"
"1",34440412,"rs6677026","CSMD2"
"1",72126385,"rs11209813","NEGR1"
"1",72126388,"rs2422014","NEGR1"
"1",157716592,"rs16839017","FCRL2"
"1",157717574,"rs55801926","FCRL2"
"1",172612397,"rs74124362","FASLG"
"1",172615497,"rs74124368","FASLG"
"1",179296516,"rs79870021","SOAT1"
"1",179300294,"rs6670562","SOAT1"
"1",205413479,"rs74141214","LEMD1"
"1",205416776,"rs74141215","LEMD1"
"1",237795496,"rs1717782","RYR2"
"1",237796276,"rs10925477","RYR2"
"2",10383763,"rs11681155","C2orf48"
"2",10387311,"rs11888584","C2orf48"
"2",64628311,"rs2160947","LGALSL"
"2",64629674,"rs114431418","LGALSL"
"2",69031128,"rs11126199","ARHGAP25"
"2",69034730,"rs78410209","ARHGAP25"
"2",77949746,"rs77459392","LRRTM4"
"2",77950401,"rs10179376","LRRTM4"
"2",83407967,"rs12477109","SUCLG1"
"2",83408452,"rs2163254","SUCLG1"
"2",101277443,"rs58921591","PDCL3"
"2",101278037,"rs72981523","PDCL3"
"2",124678599,"rs1214090","CNTNAP5"
"2",124680876,"rs1119384","CNTNAP5"
"2",129385155,"rs186616630","HS6ST1"
"2",129388993,"rs116749082","HS6ST1"
"2",168652708,"rs59901332","B3GALT1"
"2",168655935,"rs10196543","B3GALT1"
"2",199543380,"rs13426764","PLCL1"
"2",199544091,"rs11694806","PLCL1"
"2",214420578,"rs73988544","SPAG16"
"2",214423859,"rs6745832","SPAG16"
"2",222111191,"rs7607367","EPHA4"
"2",222113206,"rs11886107","EPHA4"
"2",237535062,"rs74571727","CXCR7"
"2",237535155,"rs7609173","CXCR7"
"2",241122077,"rs10166264","OTOS"
"2",241123298,"rs59043333","OTOS"
"2",241123845,"rs72994757","OTOS"
"3",16408247,"rs62236264","RFTN1"
"3",16408251,"rs79691057","RFTN1"
"3",25377424,"rs1436251","RARB"
"3",25377589,"rs9848513","RARB"
"3",36204463,"rs13078784","STAC"
"3",36204536,"rs79152277","STAC"
"3",65614394,"rs76493021","MAGI1"
"3",65614595,"rs4374476","MAGI1"
"3",116454070,"rs116226485","LSAMP"
"3",116454385,"rs9825773","LSAMP"
"3",143685046,"rs9869178","C3orf58"
"3",143688035,"rs2118072","C3orf58"
"3",177335305,"rs9880740","TBL1XR1"
"3",177335534,"rs35592194","TBL1XR1"
"3",180171451,"rs78617585","TTC14"
"3",180172702,"rs73043708","TTC14"
"4",17484061,"rs73800212","QDPR"
"4",17485481,"rs2597758","QDPR"
"4",17487760,"rs6811303","QDPR"
"4",27294016,"rs78157989","STIM2"
"4",27297599,"rs79740699","STIM2"
"4",33323144,"rs2687419","PCDH7"
"4",33324082,"rs78433814","PCDH7"
"4",56144663,"rs76223251","SRD5A3"
"4",56147967,"rs6554262","SRD5A3"
"4",57918296,"rs1713972","IGFBP7"
"4",57918427,"rs1713971","IGFBP7"
"4",57918492,"rs1718879","IGFBP7"
"4",57920048,"rs13110858","IGFBP7"
"4",57920087,"rs1401188","IGFBP7"
"4",70457467,"rs2017370","UGT2A1"
"4",70457877,"rs1432327","UGT2A1"
"4",84567638,"rs114383553","AGPAT9"
"4",84569070,"rs17007061","AGPAT9"
"4",144655406,"rs36083417","FREM3"
"4",144655489,"rs35230778","FREM3"
"4",144655823,"rs67600034","FREM3"
"4",144658471,"rs66717029","FREM3"
"4",144658748,"rs35556180","FREM3"
"4",144659625,"rs5016158","FREM3"
"4",144661234,"rs4257605","FREM3"
"4",144662054,"rs13143879","FREM3"
"4",180499721,"rs116811275","RP11-389E17.1"
"4",180502029,"rs2584415","RP11-389E17.1"
"5",3881743,"rs16872492","CTD-2012M11.2"
"5",3882836,"rs114975228","CTD-2012M11.2"
"5",5110371,"rs697720","ADAMTS16"
"5",5110730,"rs814789","ADAMTS16"
"5",8023328,"rs35320705","MTRR"
"5",8023814,"rs4495139","MTRR"
"5",8023976,"rs4391133","MTRR"
"5",56988506,"rs12654351","ACTBL2"
"5",56991579,"rs61282965","ACTBL2"
"5",75125266,"rs74340794","POC5"
"5",75126318,"rs6453168","POC5"
"5",128312506,"rs257894","SLC27A6"
"5",128314616,"rs257899","SLC27A6"
"5",128635682,"rs10053606","ADAMTS19"
"5",128640254,"rs114944655","ADAMTS19"
"5",145362862,"rs12518731","SH3RF2"
"5",145363859,"rs7448829","SH3RF2"
"6",1490250,"rs6907529","FOXF2"
"6",1490353,"rs6907725","FOXF2"
"6",4400365,"rs885183","ECI2"
"6",4401894,"rs7760357","ECI2"
"6",40733741,"rs4587166","LRFN2"
"6",40736447,"rs114654385","LRFN2"
"6",87623485,"rs111481058","HTR1E"
"6",87625169,"rs73751802","HTR1E"
"6",167716043,"rs2981973","UNC93A"
"6",167717316,"rs61400956","UNC93A"
"6",167718396,"rs13198547","UNC93A"
"7",45253244,"rs35401101","RAMP3"
"7",45257027,"rs78982892","RAMP3"
"7",47800478,"rs34925936","HUS1"
"7",47802084,"rs10807948","HUS1"
"7",47802915,"rs6463439","HUS1"
"7",49671460,"rs59983200","VWC2"
"7",49672357,"rs6954826","VWC2"
"7",82043282,"rs6961106","CACNA2D1"
"7",82044146,"rs10277941","CACNA2D1"
"7",108040551,"rs112913525","NRCAM"
"7",108043758,"rs113096256","NRCAM"
"7",117396193,"rs10234869","CTTNBP2"
"7",117399316,"rs76607522","CTTNBP2"
"7",155049958,"rs4960719","INSIG1"
"7",155051811,"rs60158858","INSIG1"
"8",31397748,"rs7006706","NRG1"
"8",31401339,"rs9792249","NRG1"
"8",32745914,"rs112056832","NRG1"
"8",32748779,"rs4557662","NRG1"
"8",72535024,"rs16937736","RP11-1102P16.1"
"8",72536493,"rs16937745","RP11-1102P16.1"
"8",76522950,"rs1839333","HNF4G"
"8",76523922,"rs1913638","HNF4G"
"8",83147031,"rs76289037","SNX16"
"8",83147758,"rs77043672","SNX16"
"8",115795838,"rs6469547","TRPS1"
"8",115797398,"rs78745861","TRPS1"
"8",120146464,"rs80024835","COLEC10"
"8",120147143,"rs61594459","COLEC10"
"8",134404826,"rs74850759","ST3GAL1"
"8",134405012,"rs75751974","ST3GAL1"
"9",78335582,"rs78580855","PCSK5"
"9",78337373,"rs78195958","PCSK5"
"9",93566406,"rs1333635","SYK"
"9",93570060,"rs1460834","SYK"
"9",99546586,"rs10978973","ZNF510"
"9",99550434,"rs10117921","ZNF510"
"9",103854887,"rs946496","RP11-35N6.1"
"9",103858769,"rs7851995","RP11-35N6.1"
"9",122904031,"rs77450002","CDK5RAP2"
"9",122905702,"rs1154870","CDK5RAP2"
"9",124688088,"rs2002164","TTLL11"
"9",124688886,"rs1806674","TTLL11"
"10",11682396,"rs7101132","USP6NL"
"10",11682527,"rs115066892","USP6NL"
"10",44433782,"rs60146158","C10orf136"
"10",44434473,"rs17154663","C10orf136"
"10",45222317,"rs7091495","TMEM72"
"10",45223070,"rs10793555","TMEM72"
"10",110370390,"rs2482578","XPNPEP1"
"10",110370393,"rs35112339","XPNPEP1"
"10",119026401,"rs363266","SLC18A2"
"10",119026566,"rs363227","SLC18A2"
"10",124424638,"rs74577795","DMBT1"
"10",124426504,"rs79314843","DMBT1"
"11",6558862,"rs12365992","DNHD1"
"11",6561270,"rs10839577","DNHD1"
"11",20571639,"rs1992498","PRMT3"
"11",20573073,"rs11025618","PRMT3"
"11",44015075,"rs11037782","C11orf96"
"11",44015569,"rs57007890","C11orf96"
"11",71004987,"rs59439599","SHANK2"
"11",71006946,"rs60599873","SHANK2"
"11",81489841,"rs2085736","FAM181B"
"11",81492293,"rs7118489","FAM181B"
"11",98027236,"rs2249268","CNTN5"
"11",98028922,"rs60427879","CNTN5"
"11",131544956,"rs78930157","NTM"
"11",131548195,"rs2658831","NTM"
"11",134294349,"rs113801096","B3GAT1"
"11",134294754,"rs113239695","B3GAT1"
"12",67295632,"rs78715118","GRIP1"
"12",67295672,"rs1504314","GRIP1"
"12",75980719,"rs1480001","KRR1"
"12",75981180,"rs17115323","KRR1"
"12",87047269,"rs77368915","MGAT4C"
"12",87048497,"rs59624358","MGAT4C"
"12",128748562,"rs115434075","TMEM132C"
"12",128748874,"rs61939378","TMEM132C"
"12",133179816,"rs4883635","P2RX2"
"12",133182408,"rs11146967","P2RX2"
"13",30282915,"rs9508539","UBL3"
"13",30283910,"rs7324224","UBL3"
"13",32721615,"rs2285330","FRY"
"13",32721694,"rs73462625","FRY"
"13",47471478,"rs6311","HTR2A"
"13",47471798,"rs36213156","HTR2A"
"13",112313680,"rs9522338","RP11-65D24.2"
"13",112313692,"rs9515467","RP11-65D24.2"
"14",22321419,"rs80268079","TRAV8-3"
"14",22322973,"rs12888908","TRAV8-3"
"14",77134450,"rs112497148","VASH1"
"14",77137189,"rs35127432","VASH1"
"14",84244988,"rs1887944","RP11-497E19.2"
"14",84246897,"rs7147645","RP11-497E19.2"
"14",86147541,"rs181594833","FLRT2"
"14",86148569,"rs11844162","FLRT2"
"14",88804034,"rs34344322","KCNK10"
"14",88805409,"rs11626207","KCNK10"
"15",93158095,"rs8032832","FAM174B"
"15",93158392,"rs6496963","FAM174B"
"15",101036626,"rs111445047","CERS3"
"15",101037465,"rs80231845","CERS3"
"16",939565,"rs7185367","LMF1"
"16",941234,"rs9930278","LMF1"
"16",8454449,"rs17145810","TMEM114"
"16",8454655,"rs896401","TMEM114"
"16",20006098,"rs9933768","GPR139"
"16",20006986,"rs57790054","GPR139"
"16",81171330,"rs12597420","GCSH"
"16",81173136,"rs12918619","GCSH"
"17",11590433,"rs79333236","DNAH9"
"17",11592928,"rs35922062","DNAH9"
"17",14634911,"rs2083261","AC005863.1"
"17",14637048,"rs1561432","AC005863.1"
"17",41803984,"rs8078538","SOST"
"17",41805259,"rs7216471","SOST"
"18",54677929,"rs77856737","WDR7"
"18",54679543,"rs116783429","WDR7"
"18",57114761,"rs1893789","CCBE1"
"18",57114772,"rs183926463","CCBE1"
"18",58437878,"rs111966697","MC4R"
"18",58438910,"rs112239568","MC4R"
"19",8672644,"rs10418794","ADAMTS10"
"19",8673855,"rs79928909","ADAMTS10"
"19",14520079,"rs73517823","DDX39A"
"19",14521571,"rs28374604","DDX39A"
"19",48651302,"rs8104114","LIG1"
"19",48652240,"rs166683","LIG1"
"20",5337602,"rs1028554","PROKR2"
"20",5338636,"rs4815797","PROKR2"
"20",5340364,"rs6085129","PROKR2"
"20",16665802,"rs79400666","SNRPB2"
"20",16669245,"rs76787503","SNRPB2"
"20",52422016,"rs6097587","BCAS1"
"20",52422424,"rs76658991","BCAS1"
"20",61319005,"rs6062838","SLCO4A1"
"20",61319084,"rs116543719","SLCO4A1"
"21",22045983,"rs11910781","NCAM2"
"21",22047752,"rs60242158","NCAM2"
"21",42037638,"rs55771314","TMPRSS3;DSCAM"
"21",42040655,"rs2837774","TMPRSS3;DSCAM"
"22",45191054,"rs739178","ARHGAP8;PRR5-ARHGAP8"
"22",45192621,"rs9626245","ARHGAP8;PRR5-ARHGAP8"
"22",47642100,"rs136618","TBC1D22A"
"22",47645285,"rs4823625","TBC1D22A"
"1",1254436,"rs1886773","CPSF3L"
"1",3322097,"rs2483221","PRDM16"
"1",6354955,"rs1804843","ACOT7"
"1",7700498,"rs114268215","CAMTA1"
"1",12338016,"rs72866608","VPS13D"
"1",19433449,"rs6426677","UBR4"
"1",20998508,"rs34232864","KIF17"
"1",21011355,"rs61750850","KIF17"
"1",21014253,"rs75925314","KIF17"
"1",21945530,"rs77539762","RAP1GAP"
"1",24859617,"rs196429","RCAN3"
"1",26393974,"rs3795690","TRIM63"
"1",32158374,"rs3818788","COL16A1"
"1",43296130,"rs35757049","ERMAP"
"1",53553702,"rs1288400","SLC1A7"
"1",89479074,"rs4656078","GBP3"
"1",109200109,"rs111789685","C1orf59"
"1",109704542,"rs77326388","KIAA1324"
"1",111660805,"rs114734472","DRAM2"
"1",115229413,"rs61741025","AMPD1"
"1",117637966,"rs34079217","TTF2"
"1",118629607,"rs116790674","SPAG17"
"1",156347833,"rs115199763","RHBG"
"1",160788067,"rs74124285","LY9"
"1",165175108,"rs116535186","LMX1A"
"1",168665811,"rs12060879","DPT"
"1",171168545,"rs2307492","FMO2"
"1",171168585,"rs2020861","FMO2"
"1",177242629,"rs976932","FAM5B"
"1",179055020,"rs2296376","TOR3A"
"1",184765072,"rs28927681","FAM129A"
"1",200143281,"rs1060060","NR5A2"
"1",201459399,"rs504667","CSRP1"
"1",201869257,"rs2820312","LMOD1"
"1",202092580,"rs7516762","GPR37L1"
"1",206665052,"rs12059562","IKBKE"
"1",208391034,"rs73082013","PLXNA2"
"1",209963038,"rs61099902","IRF6"
"1",215953273,"rs12073994","USH2A"
"1",222923351,"rs6683071","FAM177B"
"1",223712821,"rs115807660","CAPN8"
"1",223803556,"rs114411900","CAPN8"
"1",223816383,"rs71644745","CAPN8"
"1",227348245,"rs34614709","CDC42BPA"
"1",233489682,"rs56268427","MAP3K19"
"1",234529519,"rs1802871","TARBP1"
"1",237777582,"rs114534505","RYR2"
"1",238048466,"rs35651972","ZP4"
"2",1500437,"rs13429240","TPO"
"2",3800383,"rs357969","AC019172.1"
"2",10095185,"rs16867251","GRHL1"
"2",69709810,"rs115882971","AAK1"
"2",85590286,"rs7564372","ELMOD3"
"2",144699925,"rs79904664","AC016910.1"
"2",170022537,"rs77686710","LRP2"
"2",179341805,"rs114905815","FKBP7"
"2",219602510,"rs79987978","TTLL4"
"2",228560728,"rs34507036","SLC19A3"
"3",19938302,"rs115163924","EFHB"
"3",38936134,"rs33985936","SCN11A"
"3",54952644,"rs61735203","LRTM1"
"3",57138419,"rs6780995","IL17RD"
"3",63981424,"rs1053339","ATXN7"
"3",64132615,"rs116353694","PRICKLE2"
"3",66431187,"rs332373","LRIG1"
"3",72799703,"rs35178407","SHQ1"
"3",89521693,"rs35124509","EPHA3"
"3",107884302,"rs61741713","IFT57"
"3",111782404,"rs116542268","TMPRSS7"
"3",183368747,"rs16857887","KLHL24"
"3",186792069,"rs74482649","ST6GAL1"
"3",194063153,"rs3732474","CPN2"
"3",194081392,"rs923936","LRRC15"
"4",6303247,"rs2230719","WFS1"
"4",8237222,"rs116197207","SH3TC1"
"4",71200799,"rs115130040","C4orf35"
"4",71554462,"rs16845385","UTP3"
"4",79400868,"rs11098194","FRAS1"
"4",123664150,"rs78457123","BBS12"
"4",177143548,"rs112037572","ASB5"
"4",183815688,"rs4742","DCTD"
"4",187178473,"rs4253325","KLKB1"
"5",205574,"rs73730755","CCDC127"
"5",434268,"rs61753896","PDCD6"
"5",13701525,"rs3734111","DNAH5"
"5",40843524,"rs61748216","CARD6"
"5",66459822,"rs16896336","MAST4"
"5",74681773,"rs698912","COL4A3BP"
"5",93753017,"rs29910","C5orf36"
"5",121488203,"rs2560306","ZNF474"
"5",126791229,"rs17164938","MEGF10"
"5",137028029,"rs2905608","KLHL3"
"5",150275577,"rs76474888","ZNF300"
"5",150905398,"rs3734051","FAT2"
"5",150930186,"rs2278370","FAT2"
"5",157065439,"rs75818287","SOX30"
"5",159686503,"rs13362036","CCNJL"
"5",160097632,"rs958911","ATP10B"
"5",169509844,"rs114098294","DOCK2"
"5",178413947,"rs11746675","GRM6"
"5",180475195,"rs79756245","BTNL9"
"6",1742794,"rs3734739","GMDS"
"6",2623942,"rs77378391","C6orf195"
"6",11190859,"rs61755989","NEDD9"
"6",24843452,"rs35780910","FAM65B"
"6",25727265,"rs4712960","HIST1H2BA"
"6",46129345,"rs2235881","ENPP5"
"6",49580194,"rs10485291","RHAG"
"6",51720866,"rs78361537","PKHD1"
"6",53883843,"rs17625497","C6orf142"
"6",75890812,"rs77790445","COL12A1"
"6",76640781,"rs3734313","IMPG1"
"6",90366471,"rs115791795","MDN1"
"6",108026455,"rs1546960","SCML4"
"6",170033086,"rs9396946","WDR27"
"7",8167632,"rs35459366","ICA1"
"7",14758252,"rs55869830","DGKB"
"7",20691083,"rs115575346","ABCB5"
"7",33767350,"rs2232122","RP11-89N17.1"
"7",39649275,"rs4723884","AC004837.1"
"7",47873954,"rs73331750","PKD1L1"
"7",76019590,"rs10227141","SRCRB4D"
"7",76054467,"rs115350845","ZP3"
"7",94030899,"rs1800222","COL1A2"
"7",95499234,"rs3757697","DYNC1I1"
"7",99017737,"rs114658645","PTCD1"
"7",99032735,"rs34452317","PTCD1"
"7",99227370,"rs74391149","ZNF498"
"7",103124207,"rs1062831","RELN"
"7",105662690,"rs10258293","CDHR3"
"7",129855837,"rs4728190","C7orf45"
"7",131817922,"rs114567124","PLXNA4"
"7",132174153,"rs114402425","PLXNA4"
"7",138305806,"rs3734944","SVOPL"
"7",150500832,"rs76937000","TMEM176A"
"7",150731630,"rs114212581","ABCB8"
"7",156469173,"rs34819142","RNF32"
"8",3265590,"rs10088378","CSMD1"
"8",27657082,"rs114956994","ESCO2"
"8",48710880,"rs8178228","PRKDC"
"8",105367121,"rs3802204","TM7SF4"
"8",105459614,"rs36027551","DPYS"
"8",116616408,"rs34094363","TRPS1"
"8",124518695,"rs34225633","FBXO32"
"8",124982294,"rs114920664","FER1L6"
"8",125990079,"rs73706181","ZNF572"
"8",134474178,"rs61743536","ST3GAL1"
"8",139838912,"rs2292927","COL22A1"
"8",141310644,"rs12549048","TRAPPC9"
"8",146028316,"rs2976649","ZNF517"
"9",15188106,"rs1407977","TTC39B"
"9",32784265,"rs115094141","TMEM215"
"9",35869643,"rs74811550","OR13J1"
"9",74305080,"rs114226382","TMEM2"
"9",80040566,"rs1801259","GNA14"
"9",86903067,"rs75984623","SLC28A3"
"9",100431142,"rs10115149","NCBP1"
"9",114873998,"rs77171090","SUSD1"
"9",116811394,"rs16912115","ZNF618"
"9",127023263,"rs2026190","AL162724.4"
"9",127231554,"rs28479896","GPR144"
"9",130475011,"rs522328","C9orf117"
"9",130529268,"rs115584033","SH2D3C"
"9",132720770,"rs17519205","FNBP1"
"9",133271663,"rs12352819","HMCN2"
"9",133760617,"rs11558834","ABL1"
"9",134183379,"rs2966332","PPAPDC3"
"9",136004538,"rs115813080","RALGDS"
"9",136135237,"rs549443","ABO"
"9",136561367,"rs2502740","SARDH"
"9",139407932,"rs2229971","NOTCH1"
"9",139650994,"rs78263063","LCN8"
"9",140138212,"rs4073101","FAM166A"
"10",19856538,"rs7916213","C10orf112"
"10",73560497,"rs111033289","CDH23"
"10",73972957,"rs11558719","ASCC1"
"10",82363404,"rs7075840","SH2D4B"
"10",105174869,"rs2271750","PDCD11"
"10",121207642,"rs77323445","GRK5"
"10",124096122,"rs73363991","BTBD16"
"10",124249118,"rs17624021","HTRA1"
"11",865560,"rs116450072","TSPAN4"
"11",1088815,"rs7103978","MUC2"
"11",5566112,"rs1995156","OR52V1P"
"11",5758270,"rs62617826","OR56B1"
"11",5922213,"rs115051883","OR52E5"
"11",6561270,"rs10839577","DNHD1"
"11",6579485,"rs116082386","DNHD1"
"11",6867635,"rs60000441","OR10A5"
"11",14264916,"rs2303973","SPON1"
"11",60666070,"rs7933251","PRPF19"
"11",60695163,"rs114893240","TMEM132A"
"11",67075131,"rs57238619","SSH3"
"11",75133765,"rs11539810","KLHL35"
"11",85438787,"rs61745112","SYTL2"
"11",85692193,"rs12295435","PICALM"
"11",92087537,"rs114589936","FAT3"
"11",113270374,"rs2734848","ANKK1"
"11",118925953,"rs11822958","HYOU1"
"11",126135711,"rs75918778","SRPR"
"12",6666496,"rs61731913","NOP2"
"12",23687354,"rs61756181","SOX5"
"12",49723651,"rs116139076","TROAP"
"12",51237816,"rs861204","TMPRSS12"
"12",56234664,"rs17844794","MMP19"
"12",60173406,"rs3763979","SLC16A7"
"12",70954464,"rs17108344","PTPRB"
"12",73014917,"rs7139238","TRHDE"
"12",80655840,"rs57587257","C12orf64"
"12",81028838,"rs61729309","PTPRQ"
"12",91558424,"rs3138221","DCN"
"12",96400179,"rs45630739","LTA4H"
"12",102055018,"rs77045393","MYBPC1"
"12",104341103,"rs7645","HSP90B1"
"12",108618616,"rs724832","WSCD2"
"12",119631624,"rs112052602","HSPB8"
"12",122958722,"rs74736991","ZCCHC8"
"12",124352590,"rs61735933","DNAH10"
"12",129467530,"rs78799732","GLT1D1"
"13",23910866,"rs17078608","SACS"
"13",26125490,"rs9581388","ATP8A2"
"13",28239970,"rs14105","POLR1D"
"14",23598976,"rs17183863","SLC7A8"
"14",77743797,"rs116434191","POMT2"
"14",79423631,"rs35008707","NRXN3"
"14",91316481,"rs17799502","AL159191.1"
"14",96742603,"rs12893091","AL355102.1"
"15",22939192,"rs11633474","CYFIP1"
"15",25967033,"rs28669028","ATP10A"
"15",28259946,"rs74695474","OCA2"
"15",45981296,"rs35615433","SQRDL"
"15",62241655,"rs80151244","VPS13C"
"15",63433785,"rs4775629","LACTB"
"15",69682021,"rs12438855","PAQR5"
"15",73615146,"rs116042117","HCN4"
"15",81235405,"rs116794418","KIAA1199"
"15",85188775,"rs4842982","WDR73"
"15",85400934,"rs115074675","ALPK3"
"15",86122916,"rs2061823","AKAP13"
"16",412393,"rs74000545","AC005202.1"
"16",720683,"rs58138191","RHOT2"
"16",773541,"rs56375919","CCDC78"
"16",1087468,"rs58256260","AC009041.5"
"16",2030029,"rs34358073","NOXO1"
"16",2367336,"rs13332514","ABCA3"
"16",3656557,"rs28516461","BTBD12"
"16",7167764,"rs76804570","AC022206.2"
"16",23200923,"rs5737","SCNN1G"
"16",23409440,"rs16940094","COG7"
"16",48244996,"rs59815620","ABCC11"
"16",50745945,"rs35285618","NOD2"
"16",57685283,"rs13338340","GPR56"
"16",58713894,"rs7193572","SLC38A7"
"16",75564267,"rs78242641","CHST5"
"16",81279120,"rs28370522","BCMO1"
"16",81712087,"rs35429777","AC099524.1"
"16",81969847,"rs1143690","PLCG2"
"16",84492984,"rs7187624","ATP2C2"
"16",86546598,"rs116756021","FOXF1"
"16",87367824,"rs61115074","FBXO31"
"16",90097748,"rs2302513","GAS8"
"17",1690752,"rs11549830","SMYD4"
"17",3937473,"rs114782080","ZZEF1"
"17",4836381,"rs6065","GP1BA"
"17",6493198,"rs1443417","KIAA0753"
"17",11592928,"rs35922062","DNAH9"
"17",26109102,"rs3730017","NOS2"
"17",33498439,"rs8075756","UNC45B"
"17",34247218,"rs2526325","RDM1"
"17",39890876,"rs4796604","HAP1"
"17",48218672,"rs62000365","PPP1R9B"
"17",73816026,"rs11868471","UNK"
"17",76486870,"rs184693454","DNAH17"
"17",76972231,"rs11548454","LGALS3BP"
"17",78172292,"rs34367357","CARD14"
"17",78327331,"rs116677277","RNF213"
"17",80042769,"rs78069072","FASN"
"18",5416221,"rs9966357","EPB41L3"
"18",9275542,"rs59633812","ANKRD12"
"18",13095609,"rs474337","CEP192"
"18",50976898,"rs35891220","DCC"
"18",56247744,"rs115018482","ALPK2"
"18",56892947,"rs15526","GRP"
"18",72201918,"rs11151964","CNDP1"
"18",77895192,"rs3744878","ADNP2"
"19",2254458,"rs35121757","JSRP1"
"19",2994921,"rs34551565","TLE6"
"19",4847828,"rs76170548","PLIN3"
"19",7573297,"rs608144","C19orf45"
"19",8145921,"rs2303168","FBN3"
"19",8567475,"rs968502","PRAM1"
"19",8651562,"rs4476282","ADAMTS10"
"19",10477132,"rs12720263","TYK2"
"19",11516007,"rs10416704","RGL3"
"19",12383526,"rs61737485","ZNF44"
"19",14512502,"rs61733711","CD97"
"19",14518794,"rs61735279","CD97"
"19",16872833,"rs74887865","NWD1"
"19",19042182,"rs58183423","HOMER3"
"19",34583658,"rs16968855","RPS4P21"
"19",38375830,"rs62110235","WDR87"
"19",39433299,"rs8113389","FBXO17"
"19",44118191,"rs34163641","SRRM5"
"19",44891735,"rs116265054","ZNF285B"
"19",50040307,"rs77227069","RCN3"
"19",52471872,"rs2278420","ZNF615"
"20",6064710,"rs753927","FERMT1"
"20",7886919,"rs61751020","HAO1"
"20",17474968,"rs6080718","BFSP1"
"20",17477592,"rs6080719","BFSP1"
"20",31981849,"rs291700","CDK5RAP1"
"20",55800937,"rs6070031","BMP7"
"20",58330316,"rs114895741","PHACTR3"
"20",60969261,"rs61739602","CABLES2"
"21",31869280,"rs8133502","KRTAP19-4"
"21",41032917,"rs734411","B3GALT5"
"21",43803167,"rs2839500","TMPRSS3"
"21",43815560,"rs73372256","TMPRSS3"
"21",44838908,"rs28510483","SIK1"
"21",45593525,"rs61559768","C21orf32"
"21",47571845,"rs61729391","FTCD"
"22",17325824,"rs73388042","AC007064.4"
"22",18226764,"rs8190315","BID"
"22",20781725,"rs76472118","SCARF2"
"22",21333605,"rs61356271","AIFM3"
"22",25251815,"rs114432790","SGSM1"
"22",31529142,"rs61747459","INPP5J"
"22",32831830,"rs73884913","BPIL2"
"22",37628008,"rs2230919","RAC2"
"22",39966777,"rs60192012","CACNA1I"
"22",41075695,"rs133073","MCHR1"
"22",43523766,"rs4988433","BIK"
"22",44543766,"rs16991550","PARVB"
"22",45972888,"rs6007093","FBLN1"
"22",46704676,"rs6008600","GTSE1"
"X",19606793,"rs2290805","SH3KBP1"
