Region,Chr18,Position_hg18,Chr19,Position_hg19,SNP,Closest Gene,protein-coding_gene_gencode,Distance to closest gene (bp)
1,1,29825381,1,30052794,rs76483414,PTPRU,ENSG00000060656,399468
1,1,29828722,1,30056135,rs76718158,PTPRU,ENSG00000060656,402809
2,1,34209544,1,34436957,rs531066,CSMD2,ENSG00000121904,0
2,1,34212999,1,34440412,rs6677026,CSMD2,ENSG00000121904,0
3,1,71898973,1,72126385,rs11209813,NEGR1,ENSG00000172260,0
3,1,71898976,1,72126388,rs2422014,NEGR1,ENSG00000172260,0
4,1,155983216,1,157716592,rs16839017,FCRL2,ENSG00000132704,0
4,1,155984198,1,157717574,rs55801926,FCRL2,ENSG00000132704,0
5,1,170879020,1,172612397,rs74124362,FASLG,ENSG00000117560,15756
5,1,170882120,1,172615497,rs74124368,FASLG,ENSG00000117560,12656
6,1,177563139,1,179296516,rs79870021,SOAT1,ENSG00000057252,0
6,1,177566917,1,179300294,rs6670562,SOAT1,ENSG00000057252,0
7,1,203680102,1,205413479,rs74141214,LEMD1,ENSG00000186007,0
7,1,203683399,1,205416776,rs74141215,LEMD1,ENSG00000186007,0
8,1,235862119,1,237795496,rs1717782,RYR2,ENSG00000198626,0
8,1,235862899,1,237796276,rs10925477,RYR2,ENSG00000198626,0
9,2,10301214,2,10383763,rs11681155,C2orf48,ENSG00000163009,31911
9,2,10304762,2,10387311,rs11888584,C2orf48,ENSG00000163009,35459
10,2,64481815,2,64628311,rs2160947,LGALSL,ENSG00000119862,52791
10,2,64483178,2,64629674,rs114431418,LGALSL,ENSG00000119862,51428
11,2,68884632,2,69031128,rs11126199,ARHGAP25,ENSG00000163219,0
11,2,68888234,2,69034730,rs78410209,ARHGAP25,ENSG00000163219,0
12,2,77803254,2,77949746,rs77459392,LRRTM4,ENSG00000176204,129300
12,2,77803909,2,77950401,rs10179376,LRRTM4,ENSG00000176204,129955
13,2,83261478,2,83407967,rs12477109,SUCLG1,ENSG00000163541,1242679
13,2,83261963,2,83408452,rs2163254,SUCLG1,ENSG00000163541,1242194
14,2,100643875,2,101277443,rs58921591,PDCL3,ENSG00000115539,84245
14,2,100644469,2,101278037,rs72981523,PDCL3,ENSG00000115539,84839
15,2,124395069,2,124678599,rs1214090,CNTNAP5,ENSG00000155052,104264
15,2,124397346,2,124680876,rs1119384,CNTNAP5,ENSG00000155052,101987
16,2,129101625,2,129385155,rs186616630,HS6ST1,ENSG00000136720,309003
16,2,129105463,2,129388993,rs116749082,HS6ST1,ENSG00000136720,312841
17,2,168360954,2,168652708,rs59901332,B3GALT1,ENSG00000172318,22473
17,2,168364181,2,168655935,rs10196543,B3GALT1,ENSG00000172318,19246
18,2,199251625,2,199543380,rs13426764,PLCL1,ENSG00000115896,106074
18,2,199252336,2,199544091,rs11694806,PLCL1,ENSG00000115896,106785
19,2,214128823,2,214420578,rs73988544,SPAG16,ENSG00000144451,0
19,2,214132104,2,214423859,rs6745832,SPAG16,ENSG00000144451,0
20,2,221819435,2,222111191,rs7607367,EPHA4,ENSG00000116106,171555
20,2,221821450,2,222113206,rs11886107,EPHA4,ENSG00000116106,169540
21,2,237199801,2,237535062,rs74571727,CXCR7,ENSG00000144476,44060
21,2,237199894,2,237535155,rs7609173,CXCR7,ENSG00000144476,44153
22,2,240770750,2,241122077,rs10166264,OTOS,ENSG00000178602,38097
22,2,240771971,2,241123298,rs59043333,OTOS,ENSG00000178602,39318
22,2,240772518,2,241123845,rs72994757,OTOS,ENSG00000178602,39865
23,3,16383251,3,16408247,rs62236264,RFTN1,ENSG00000131378,0
23,3,16383255,3,16408251,rs79691057,RFTN1,ENSG00000131378,0
24,3,25352428,3,25377424,rs1436251,RARB,ENSG00000077092,0
24,3,25352593,3,25377589,rs9848513,RARB,ENSG00000077092,0
25,3,36179467,3,36204463,rs13078784,STAC,ENSG00000144681,217372
25,3,36179540,3,36204536,rs79152277,STAC,ENSG00000144681,217299
26,3,65589434,3,65614394,rs76493021,MAGI1,ENSG00000151276,0
26,3,65589635,3,65614595,rs4374476,MAGI1,ENSG00000151276,0
27,3,117936760,3,116454070,rs116226485,LSAMP,ENSG00000185565,0
27,3,117937075,3,116454385,rs9825773,LSAMP,ENSG00000185565,0
28,3,145167736,3,143685046,rs9869178,C3orf58,ENSG00000181744,5593
28,3,145170725,3,143688035,rs2118072,C3orf58,ENSG00000181744,2604
29,3,178817999,3,177335305,rs9880740,TBL1XR1,ENSG00000177565,420043
29,3,178818228,3,177335534,rs35592194,TBL1XR1,ENSG00000177565,420272
30,3,181654145,3,180171451,rs78617585,TTC14,ENSG00000163728,148466
30,3,181655396,3,180172702,rs73043708,TTC14,ENSG00000163728,147215
31,4,17093159,4,17484061,rs73800212,QDPR,ENSG00000151552,0
31,4,17094579,4,17485481,rs2597758,QDPR,ENSG00000151552,0
31,4,17096858,4,17487760,rs6811303,QDPR,ENSG00000151552,0
32,4,26903114,4,27294016,rs78157989,STIM2,ENSG00000109689,267012
32,4,26906697,4,27297599,rs79740699,STIM2,ENSG00000109689,270595
33,4,32999539,4,33323144,rs2687419,PCDH7,ENSG00000169851,2178415
33,4,33000477,4,33324082,rs78433814,PCDH7,ENSG00000169851,2179353
34,4,55839420,4,56144663,rs76223251,SRD5A3,ENSG00000128039,67612
34,4,55842724,4,56147967,rs6554262,SRD5A3,ENSG00000128039,64308
35,4,57613053,4,57918296,rs1713972,IGFBP7,ENSG00000163453,0
35,4,57613184,4,57918427,rs1713971,IGFBP7,ENSG00000163453,0
35,4,57613249,4,57918492,rs1718879,IGFBP7,ENSG00000163453,0
36,4,57614805,4,57920048,rs13110858,IGFBP7,ENSG00000163453,0
36,4,57614844,4,57920087,rs1401188,IGFBP7,ENSG00000163453,0
37,4,70492056,4,70457467,rs2017370,UGT2A1,ENSG00000173610,0
37,4,70492466,4,70457877,rs1432327,UGT2A1,ENSG00000173610,0
38,4,84786662,4,84567638,rs114383553,AGPAT9,ENSG00000138678,40609
38,4,84788094,4,84569070,rs17007061,AGPAT9,ENSG00000138678,42041
39,4,144874856,4,144655406,rs36083417,FREM3,ENSG00000183090,33577
39,4,144874939,4,144655489,rs35230778,FREM3,ENSG00000183090,33660
39,4,144875273,4,144655823,rs67600034,FREM3,ENSG00000183090,33994
39,4,144877921,4,144658471,rs66717029,FREM3,ENSG00000183090,36642
39,4,144878198,4,144658748,rs35556180,FREM3,ENSG00000183090,36919
39,4,144879075,4,144659625,rs5016158,FREM3,ENSG00000183090,37796
39,4,144880684,4,144661234,rs4257605,FREM3,ENSG00000183090,39405
39,4,144881504,4,144662054,rs13143879,FREM3,ENSG00000183090,40225
40,4,180736715,4,180499721,rs116811275,RP11-389E17.1,ENSG00000231171,1587816
40,4,180739023,4,180502029,rs2584415,RP11-389E17.1,ENSG00000231171,1590124
41,5,3934743,5,3881743,rs16872492,CTD-2012M11.2,ENSG00000259491,269689
41,5,3935836,5,3882836,rs114975228,CTD-2012M11.2,ENSG00000259491,270782
42,5,5163371,5,5110371,rs697720,ADAMTS16,ENSG00000145536,30071
42,5,5163730,5,5110730,rs814789,ADAMTS16,ENSG00000145536,29712
43,5,8076328,5,8023328,rs35320705,MTRR,ENSG00000124275,117189
43,5,8076814,5,8023814,rs4495139,MTRR,ENSG00000124275,117675
43,5,8076976,5,8023976,rs4391133,MTRR,ENSG00000124275,117837
44,5,57024263,5,56988506,rs12654351,ACTBL2,ENSG00000169067,209869
44,5,57027336,5,56991579,rs61282965,ACTBL2,ENSG00000169067,212942
45,5,75161022,5,75125266,rs74340794,POC5,ENSG00000152359,111952
45,5,75162074,5,75126318,rs6453168,POC5,ENSG00000152359,113004
46,5,128340405,5,128312506,rs257894,SLC27A6,ENSG00000113396,0
46,5,128342515,5,128314616,rs257899,SLC27A6,ENSG00000113396,0
47,5,128663581,5,128635682,rs10053606,ADAMTS19,ENSG00000145808,160275
47,5,128668153,5,128640254,rs114944655,ADAMTS19,ENSG00000145808,155703
48,5,145343055,5,145362862,rs12518731,SH3RF2,ENSG00000156463,0
48,5,145344052,5,145363859,rs7448829,SH3RF2,ENSG00000156463,0
49,6,1435249,6,1490250,rs6907529,FOXF2,ENSG00000137273,94417
49,6,1435352,6,1490353,rs6907725,FOXF2,ENSG00000137273,94520
50,6,4345364,6,4400365,rs885183,ECI2,ENSG00000198721,264533
50,6,4346893,6,4401894,rs7760357,ECI2,ENSG00000198721,266062
51,6,40841719,6,40733741,rs4587166,LRFN2,ENSG00000156564,178536
51,6,40844425,6,40736447,rs114654385,LRFN2,ENSG00000156564,181242
52,6,87680204,6,87623485,rs111481058,HTR1E,ENSG00000168830,23538
52,6,87681888,6,87625169,rs73751802,HTR1E,ENSG00000168830,21854
53,6,167636033,6,167716043,rs2981973,UNC93A,ENSG00000112494,0
53,6,167637306,6,167717316,rs61400956,UNC93A,ENSG00000112494,0
53,6,167638386,6,167718396,rs13198547,UNC93A,ENSG00000112494,0
54,7,45219769,7,45253244,rs35401101,RAMP3,ENSG00000122679,27342
54,7,45223552,7,45257027,rs78982892,RAMP3,ENSG00000122679,31125
55,7,47767003,7,47800478,rs34925936,HUS1,ENSG00000136273,0
55,7,47768609,7,47802084,rs10807948,HUS1,ENSG00000136273,0
55,7,47769440,7,47802915,rs6463439,HUS1,ENSG00000136273,0
56,7,49642006,7,49671460,rs59983200,VWC2,ENSG00000188730,141796
56,7,49642903,7,49672357,rs6954826,VWC2,ENSG00000188730,140899
57,7,81881218,7,82043282,rs6961106,CACNA2D1,ENSG00000153956,0
57,7,81882082,7,82044146,rs10277941,CACNA2D1,ENSG00000153956,0
58,7,107827787,7,108040551,rs112913525,NRCAM,ENSG00000091129,0
58,7,107830994,7,108043758,rs113096256,NRCAM,ENSG00000091129,0
59,7,117183429,7,117396193,rs10234869,CTTNBP2,ENSG00000077063,0
59,7,117186552,7,117399316,rs76607522,CTTNBP2,ENSG00000077063,0
60,7,154680891,7,155049958,rs4960719,INSIG1,ENSG00000186480,39527
60,7,154682744,7,155051811,rs60158858,INSIG1,ENSG00000186480,37674
61,8,31517290,8,31397748,rs7006706,NRG1,ENSG00000157168,99153
61,8,31520881,8,31401339,rs9792249,NRG1,ENSG00000157168,95562
62,8,32865456,8,32745914,rs112056832,NRG1,ENSG00000157168,123365
62,8,32868321,8,32748779,rs4557662,NRG1,ENSG00000157168,126230
63,8,72697578,8,72535024,rs16937736,RP11-1102P16.1,ENSG00000253379,30763
63,8,72699047,8,72536493,rs16937745,RP11-1102P16.1,ENSG00000253379,32232
64,8,76685505,8,76522950,rs1839333,HNF4G,ENSG00000164749,43871
64,8,76686477,8,76523922,rs1913638,HNF4G,ENSG00000164749,44843
65,8,83309586,8,83147031,rs76289037,SNX16,ENSG00000104497,391929
65,8,83310313,8,83147758,rs77043672,SNX16,ENSG00000104497,392656
66,8,115865014,8,115795838,rs6469547,TRPS1,ENSG00000104447,624885
66,8,115866574,8,115797398,rs78745861,TRPS1,ENSG00000104447,623325
67,8,120215645,8,120146464,rs80024835,COLEC10,ENSG00000184374,27642
67,8,120216324,8,120147143,rs61594459,COLEC10,ENSG00000184374,28321
68,8,134474008,8,134404826,rs74850759,ST3GAL1,ENSG00000008513,62264
68,8,134474194,8,134405012,rs75751974,ST3GAL1,ENSG00000008513,62078
69,9,77525402,9,78335582,rs78580855,PCSK5,ENSG00000099139,169977
69,9,77527193,9,78337373,rs78195958,PCSK5,ENSG00000099139,168186
70,9,92606227,9,93566406,rs1333635,SYK,ENSG00000165025,0
70,9,92609881,9,93570060,rs1460834,SYK,ENSG00000165025,0
71,9,98586407,9,99546586,rs10978973,ZNF510,ENSG00000081386,6174
71,9,98590255,9,99550434,rs10117921,ZNF510,ENSG00000081386,10022
72,9,102894708,9,103854887,rs946496,RP11-35N6.1,ENSG00000148123,0
72,9,102898590,9,103858769,rs7851995,RP11-35N6.1,ENSG00000148123,0
73,9,121943852,9,122904031,rs77450002,CDK5RAP2,ENSG00000136861,247115
73,9,121945523,9,122905702,rs1154870,CDK5RAP2,ENSG00000136861,245444
74,9,123727909,9,124688088,rs2002164,TTLL11,ENSG00000175764,0
74,9,123728707,9,124688886,rs1806674,TTLL11,ENSG00000175764,0
75,10,11722402,10,11682396,rs7101132,USP6NL,ENSG00000148429,28642
75,10,11722533,10,11682527,rs115066892,USP6NL,ENSG00000148429,28773
76,10,43753788,10,44433782,rs60146158,C10orf136,ENSG00000204187,87711
76,10,43754479,10,44434473,rs17154663,C10orf136,ENSG00000204187,88402
77,10,44542323,10,45222317,rs7091495,TMEM72,ENSG00000187783,184330
77,10,44543076,10,45223070,rs10793555,TMEM72,ENSG00000187783,183577
78,10,110360380,10,110370390,rs2482578,XPNPEP1,ENSG00000108039,1254133
78,10,110360383,10,110370393,rs35112339,XPNPEP1,ENSG00000108039,1254130
79,10,119016391,10,119026401,rs363266,SLC18A2,ENSG00000165646,0
79,10,119016556,10,119026566,rs363227,SLC18A2,ENSG00000165646,0
80,10,124414628,10,124424638,rs74577795,DMBT1,ENSG00000187908,21385
80,10,124416494,10,124426504,rs79314843,DMBT1,ENSG00000187908,23251
81,11,6515438,11,6558862,rs12365992,DNHD1,ENSG00000179532,0
81,11,6517846,11,6561270,rs10839577,DNHD1,ENSG00000179532,0
82,11,20528215,11,20571639,rs1992498,PRMT3,ENSG00000185238,40798
82,11,20529649,11,20573073,rs11025618,PRMT3,ENSG00000185238,42232
83,11,43971651,11,44015075,rs11037782,C11orf96,ENSG00000187479,49186
83,11,43972145,11,44015569,rs57007890,C11orf96,ENSG00000187479,49680
84,11,70682635,11,71004987,rs59439599,SHANK2,ENSG00000162105,41363
84,11,70684594,11,71006946,rs60599873,SHANK2,ENSG00000162105,43322
85,11,81167489,11,81489841,rs2085736,FAM181B,ENSG00000182103,953211
85,11,81169941,11,81492293,rs7118489,FAM181B,ENSG00000182103,950759
86,11,97532446,11,98027236,rs2249268,CNTN5,ENSG00000149972,864446
86,11,97534132,11,98028922,rs60427879,CNTN5,ENSG00000149972,862760
87,11,131050166,11,131544956,rs78930157,NTM,ENSG00000182667,0
87,11,131053405,11,131548195,rs2658831,NTM,ENSG00000182667,0
88,11,133799559,11,134294349,rs113801096,B3GAT1,ENSG00000109956,12536
88,11,133799964,11,134294754,rs113239695,B3GAT1,ENSG00000109956,12941
89,12,65581899,12,67295632,rs78715118,GRIP1,ENSG00000155974,97665
89,12,65581939,12,67295672,rs1504314,GRIP1,ENSG00000155974,97705
90,12,74266986,12,75980719,rs1480001,KRR1,ENSG00000111615,75302
90,12,74267447,12,75981180,rs17115323,KRR1,ENSG00000111615,75763
91,12,85571400,12,87047269,rs77368915,MGAT4C,ENSG00000182050,158176
91,12,85572628,12,87048497,rs59624358,MGAT4C,ENSG00000182050,159404
92,12,127314515,12,128748562,rs115434075,TMEM132C,ENSG00000181234,3385
92,12,127314827,12,128748874,rs61939378,TMEM132C,ENSG00000181234,3073
93,12,131689889,12,133179816,rs4883635,P2RX2,ENSG00000187848,15549
93,12,131692481,12,133182408,rs11146967,P2RX2,ENSG00000187848,12957
94,13,29180915,13,30282915,rs9508539,UBL3,ENSG00000122042,55592
94,13,29181910,13,30283910,rs7324224,UBL3,ENSG00000122042,54597
95,13,31619615,13,32721615,rs2285330,FRY,ENSG00000073910,0
95,13,31619694,13,32721694,rs73462625,FRY,ENSG00000073910,0
96,13,46369479,13,47471478,rs6311,HTR2A,ENSG00000102468,308
96,13,46369799,13,47471798,rs36213156,HTR2A,ENSG00000102468,628
97,13,111111681,13,112313680,rs9522338,RP11-65D24.2,ENSG00000204398,0
97,13,111111693,13,112313692,rs9515467,RP11-65D24.2,ENSG00000204398,0
98,14,21391259,14,22321419,rs80268079,TRAV8-3,ENSG00000211787,235
98,14,21392813,14,22322973,rs12888908,TRAV8-3,ENSG00000211787,1789
99,14,76204203,14,77134450,rs112497148,VASH1,ENSG00000071246,94081
99,14,76206942,14,77137189,rs35127432,VASH1,ENSG00000071246,91342
100,14,83314741,14,84244988,rs1887944,RP11-497E19.2,ENSG00000258945,1749954
100,14,83316650,14,84246897,rs7147645,RP11-497E19.2,ENSG00000258945,1748045
101,14,85217294,14,86147541,rs181594833,FLRT2,ENSG00000185070,52506
101,14,85218322,14,86148569,rs11844162,FLRT2,ENSG00000185070,53534
102,14,87873787,14,88804034,rs34344322,KCNK10,ENSG00000100433,10782
102,14,87875162,14,88805409,rs11626207,KCNK10,ENSG00000100433,12157
103,15,90959099,15,93158095,rs8032832,FAM174B,ENSG00000185442,2577
103,15,90959396,15,93158392,rs6496963,FAM174B,ENSG00000185442,2280
104,15,98854149,15,101036626,rs111445047,CERS3,ENSG00000154227,0
104,15,98854988,15,101037465,rs80231845,CERS3,ENSG00000154227,0
105,16,879566,16,939565,rs7185367,LMF1,ENSG00000103227,0
105,16,881235,16,941234,rs9930278,LMF1,ENSG00000103227,0
106,16,8394450,16,8454449,rs17145810,TMEM114,ENSG00000232258,165052
106,16,8394656,16,8454655,rs896401,TMEM114,ENSG00000232258,164846
107,16,19913599,16,20006098,rs9933768,GPR139,ENSG00000180269,36708
107,16,19914487,16,20006986,rs57790054,GPR139,ENSG00000180269,35820
108,16,79728831,16,81171330,rs12597420,GCSH,ENSG00000140905,41321
108,16,79730637,16,81173136,rs12918619,GCSH,ENSG00000140905,43127
109,17,11531158,17,11590433,rs79333236,DNAH9,ENSG00000007174,0
109,17,11533653,17,11592928,rs35922062,DNAH9,ENSG00000007174,0
110,17,14575636,17,14634911,rs2083261,AC005863.1,ENSG00000205325,35988
110,17,14577773,17,14637048,rs1561432,AC005863.1,ENSG00000205325,33851
111,17,39159510,17,41803984,rs8078538,SOST,ENSG00000167941,27118
111,17,39160785,17,41805259,rs7216471,SOST,ENSG00000167941,25843
112,18,52828927,18,54677929,rs77856737,WDR7,ENSG00000091157,0
112,18,52830541,18,54679543,rs116783429,WDR7,ENSG00000091157,0
113,18,55265741,18,57114761,rs1893789,CCBE1,ENSG00000183287,0
113,18,55265752,18,57114772,rs183926463,CCBE1,ENSG00000183287,0
114,18,56588858,18,58437878,rs111966697,MC4R,ENSG00000166603,397876
114,18,56589890,18,58438910,rs112239568,MC4R,ENSG00000166603,398908
115,19,8578644,19,8672644,rs10418794,ADAMTS10,ENSG00000142303,0
115,19,8579855,19,8673855,rs79928909,ADAMTS10,ENSG00000142303,671
116,19,14381079,19,14520079,rs73517823,DDX39A,ENSG00000123136,0
116,19,14382571,19,14521571,rs28374604,DDX39A,ENSG00000123136,0
117,19,53343114,19,48651302,rs8104114,LIG1,ENSG00000105486,0
117,19,53344052,19,48652240,rs166683,LIG1,ENSG00000105486,0
118,20,5285602,20,5337602,rs1028554,PROKR2,ENSG00000101292,40223
118,20,5286636,20,5338636,rs4815797,PROKR2,ENSG00000101292,41257
118,20,5288364,20,5340364,rs6085129,PROKR2,ENSG00000101292,42985
119,20,16613802,20,16665802,rs79400666,SNRPB2,ENSG00000125870,44803
119,20,16617245,20,16669245,rs76787503,SNRPB2,ENSG00000125870,41360
120,20,51855423,20,52422016,rs6097587,BCAS1,ENSG00000064787,131299
120,20,51855831,20,52422424,rs76658991,BCAS1,ENSG00000064787,130891
121,20,60789450,20,61319005,rs6062838,SLCO4A1,ENSG00000101187,1867
121,20,60789529,20,61319084,rs116543719,SLCO4A1,ENSG00000101187,1946
122,21,20967854,21,22045983,rs11910781,NCAM2,ENSG00000154654,324649
122,21,20969623,21,22047752,rs60242158,NCAM2,ENSG00000154654,322880
123,21,40959508,21,42037638,rs55771314,TMPRSS3;DSCAM,ENSG00000160183;ENSG00000171587,0
123,21,40962525,21,42040655,rs2837774,TMPRSS3;DSCAM,ENSG00000160183;ENSG00000171587,0
124,22,43569718,22,45191054,rs739178,ARHGAP8;PRR5-ARHGAP8,ENSG00000241484;ENSG00000248405,0
124,22,43571285,22,45192621,rs9626245,ARHGAP8;PRR5-ARHGAP8,ENSG00000241484;ENSG00000248405,0
125,22,46020764,22,47642100,rs136618,TBC1D22A,ENSG00000054611,70763
125,22,46023949,22,47645285,rs4823625,TBC1D22A,ENSG00000054611,73948
